300-02-01,inf
300-02-02,inf
300-02-03,inf
300-02-04,inf
300-02-05,inf
300-02-06,inf
300-02-07,inf
300-04-01,inf
300-04-02,inf
300-04-03,inf
300-04-04,inf
300-04-05,inf
300-04-06,inf
300-05-01,inf
300-05-02,inf
300-05-03,inf
300-05-04,inf
300-05-05,inf
300-05-06,inf
300-06-01,inf
300-06-02,inf
300-06-03,inf
300-06-04,inf
300-06-05,inf
300-06-06,inf
300-06-07,inf
300-07-01,inf
300-07-02,inf
300-07-03,inf
300-07-04,inf
300-07-05,inf
300-07-06,inf
300-07-07,inf
300-08-01,inf
300-08-02,inf
300-08-03,inf
300-08-04,inf
300-08-05,inf
300-08-06,inf
300-08-07,inf
300-09-01,inf
300-09-02,inf
300-09-03,inf
300-09-04,inf
300-09-05,inf
300-09-06,inf
300-09-07,inf
300-10-01,inf
300-10-02,inf
300-10-03,inf
300-10-04,inf
300-11-01,inf
300-12-01,inf
300-12-02,inf
300-12-03,inf
300-12-04,inf
300-14-01,inf
300-14-02,inf
300-14-03,inf
300-14-04,inf
300-14-05,inf
300-14-06,inf
300-15-01,inf
300-15-02,inf
300-16-01,inf
300-16-02,inf
300-16-03,inf
300-16-04,inf
300-16-05,inf
300-16-06,inf
300-17-01,inf
300-17-02,inf
300-17-03,inf
300-17-04,inf
300-17-05,inf
300-17-06,inf
300-17-07,inf
300-18-01,inf
300-18-02,inf
300-18-03,inf
300-18-04,inf
300-18-05,inf
300-18-06,inf
300-18-07,inf
300-19-01,inf
300-19-02,inf
300-19-03,inf
300-19-04,inf
300-19-05,inf
300-19-06,inf
300-19-07,inf
300-19-08,inf
300-20-01,inf
300-20-02,inf
300-20-03,inf
300-20-04,inf
300-20-05,inf
300-20-06,inf
300-21-01,inf
300-21-02,inf
300-21-03,inf
300-21-04,inf
300-21-05,inf
300-21-06,inf
300-22-01,inf
300-22-02,inf
300-22-03,inf
300-22-04,inf
300-22-05,inf
300-22-06,inf
300-23-01,inf
300-23-02,inf
300-23-03,inf
300-23-04,inf
300-23-05,inf
300-23-06,inf
300-24-01,inf
300-24-02,inf
300-24-03,inf
300-24-04,inf
300-24-05,inf
300-24-06,inf
300-24-07,inf
300-25-01,inf
300-25-02,inf
300-25-03,inf
300-25-04,inf
300-25-05,inf
300-25-06,inf
300-25-07,inf
300-25-08,inf
300-26-01,inf
300-26-02,inf
300-26-03,inf
300-26-04,inf
300-26-05,inf
300-26-06,inf
300-26-07,inf
300-27-01,inf
300-27-02,inf
300-27-03,inf
300-27-04,inf
300-27-05,inf
300-27-06,inf
300-27-07,inf
300-27-08,inf
300-27-09,inf
300-28-01,inf
300-28-02,inf
300-28-03,inf
300-28-04,inf
300-28-05,inf
300-28-06,inf
300-28-07,inf
300-28-08,inf
300-28-09,inf
300-29-01,inf
300-29-02,inf
300-29-03,inf
300-29-04,inf
300-29-05,inf
300-29-06,inf
300-29-07,inf
300-29-08,inf
300-29-09,inf
300-30-01,inf
300-30-02,inf
300-30-03,inf
300-30-04,inf
300-30-05,inf
300-30-06,inf
300-30-07,inf
300-30-08,inf
300-31-01,inf
300-31-02,inf
300-31-03,inf
300-31-04,inf
300-31-05,inf
300-31-06,inf
300-31-07,inf
300-31-08,inf
300-32-01,inf
300-32-02,inf
300-33-01,inf
300-33-02,inf
300-33-03,inf
300-33-04,inf
300-34-01,inf
300-34-02,inf
300-34-03,inf
300-34-04,inf
300-34-05,inf
300-34-06,inf
300-34-07,inf
300-34-08,inf
300-35-01,inf
300-35-02,inf
300-35-03,inf
300-35-04,inf
300-35-05,inf
300-35-06,inf
300-35-07,inf
300-35-08,inf
301-03-01,inf
301-03-02,inf
301-03-03,inf
301-03-04,inf
301-03-05,inf
301-03-06,inf
301-05-01,inf
301-05-02,inf
301-05-03,inf
301-05-04,inf
301-05-05,inf
301-05-06,inf
301-05-07,inf
301-05-08,inf
301-05-09,inf
301-06-01,inf
301-06-02,inf
301-06-03,inf
301-06-04,inf
301-06-05,inf
301-06-06,inf
301-06-07,inf
301-06-08,inf
301-06-09,inf
301-06-10,inf
301-07-01,inf
301-07-02,inf
301-07-03,inf
301-07-04,inf
301-07-05,inf
301-07-06,inf
301-07-07,inf
301-08-01,inf
301-08-02,inf
301-08-03,inf
301-08-04,inf
301-08-05,inf
301-08-06,inf
301-08-07,inf
301-09-01,inf
301-09-02,inf
301-09-03,inf
301-09-04,inf
301-09-05,inf
301-09-06,inf
301-10-01,inf
301-10-02,inf
301-10-03,inf
301-10-04,inf
301-10-05,inf
301-10-06,inf
301-11-01,inf
301-11-02,inf
301-11-03,inf
301-11-04,inf
301-11-05,inf
301-11-06,inf
301-11-07,inf
301-12-01,inf
301-12-02,inf
301-12-03,inf
301-12-04,inf
301-12-05,inf
301-12-06,inf
301-12-07,inf
301-12-08,inf
301-12-09,inf
301-13-01,inf
301-13-02,inf
301-13-03,inf
301-13-04,inf
301-13-05,inf
301-13-06,inf
301-13-07,inf
301-13-08,inf
301-13-09,inf
301-13-10,inf
301-14-01,inf
301-14-02,inf
301-14-03,inf
301-14-04,inf
301-14-05,inf
301-14-06,inf
301-14-07,inf
301-14-08,inf
301-14-09,inf
301-14-10,inf
301-14-11,inf
301-14-12,inf
301-15-01,inf
301-15-02,inf
301-15-03,inf
301-15-04,inf
301-15-05,inf
301-15-06,inf
301-15-07,inf
301-15-08,inf
301-15-09,inf
301-16-01,inf
301-16-02,inf
301-16-03,inf
301-16-04,inf
301-16-05,inf
301-16-06,inf
301-16-07,inf
301-16-08,inf
301-16-09,inf
301-17-01,inf
301-17-02,inf
301-17-03,inf
301-17-04,inf
301-17-05,inf
301-17-06,inf
301-17-07,inf
301-17-08,inf
301-17-09,inf
301-17-10,inf
301-18-01,inf
301-18-02,inf
301-18-03,inf
301-18-04,inf
301-18-05,inf
301-18-06,inf
301-18-07,inf
301-18-08,inf
301-18-09,inf
301-19-01,inf
301-19-02,inf
301-19-03,inf
301-19-04,inf
301-19-05,inf
301-19-06,inf
301-19-07,inf
301-19-08,inf
301-20-01,inf
301-20-02,inf
301-20-03,inf
301-20-04,inf
301-20-05,inf
301-20-06,inf
301-20-07,inf
301-20-08,inf
301-20-09,inf
301-21-01,inf
301-21-02,inf
301-21-03,inf
301-21-04,inf
301-21-05,inf
301-21-06,inf
301-21-07,inf
301-21-08,inf
301-22-01,inf
301-22-02,inf
301-22-03,inf
301-22-04,inf
301-22-05,inf
301-22-06,inf
301-22-07,inf
301-23-01,inf
301-23-02,inf
301-23-03,inf
301-23-04,inf
301-23-05,inf
301-23-06,inf
301-23-07,inf
301-23-08,inf
301-24-01,inf
301-24-02,inf
301-24-03,inf
301-24-04,inf
301-24-05,inf
301-24-06,inf
301-24-07,inf
301-24-08,inf
301-25-01,inf
301-25-02,inf
301-25-03,inf
301-25-04,inf
301-25-05,inf
301-25-06,inf
301-25-07,inf
301-25-08,inf
301-25-09,inf
301-26-01,inf
301-26-02,inf
301-26-03,inf
301-26-04,inf
301-26-05,inf
301-26-06,inf
301-26-07,inf
301-26-08,inf
301-26-09,inf
301-27-01,inf
301-27-02,inf
301-27-03,inf
301-27-04,inf
301-27-05,inf
301-27-06,inf
301-27-07,inf
301-27-08,inf
301-27-09,inf
301-27-10,inf
301-27-11,inf
301-28-01,inf
301-28-02,inf
301-28-03,inf
301-28-04,inf
301-28-05,inf
301-28-06,inf
301-28-07,inf
301-29-01,inf
301-29-02,inf
301-29-03,inf
301-29-04,inf
301-29-05,inf
301-29-06,inf
301-29-07,inf
301-29-08,inf
301-30-01,inf
301-30-02,inf
301-30-03,inf
301-30-04,inf
301-30-05,inf
301-30-06,inf
301-30-07,inf
301-30-08,inf
301-31-01,inf
301-31-02,inf
301-31-03,inf
301-31-04,inf
301-31-05,inf
301-31-06,inf
301-31-07,inf
301-31-08,inf
301-32-01,inf
301-32-02,inf
301-32-03,inf
301-32-04,inf
301-32-05,inf
301-32-06,inf
301-32-07,inf
301-32-08,inf
301-33-01,inf
301-33-02,inf
301-33-03,inf
301-33-04,inf
301-33-05,inf
301-33-06,inf
301-33-07,inf
301-33-08,inf
301-34-01,inf
301-34-02,inf
301-34-03,inf
301-34-04,inf
301-34-05,inf
301-34-06,inf
301-34-07,inf
301-35-01,inf
301-35-02,inf
301-35-03,inf
301-35-04,inf
301-35-05,inf
301-35-06,inf
301-35-07,inf
301-35-08,inf
301-36-01,inf
301-36-02,inf
301-36-03,inf
301-36-04,inf
301-37-01,inf
301-37-02,inf
301-37-03,inf
301-37-04,inf
301-37-05,inf
301-37-06,inf
301-37-07,inf
302-01-01,inf
302-01-02,inf
302-01-03,inf
302-01-04,inf
302-01-05,inf
302-01-06,inf
302-01-07,inf
302-03-01,inf
302-03-02,inf
302-03-03,inf
302-03-04,inf
302-03-05,inf
302-03-06,inf
302-03-07,inf
302-03-08,inf
302-03-09,inf
302-04-01,inf
302-04-02,inf
302-04-03,inf
302-04-04,inf
302-04-05,inf
302-04-06,inf
302-04-07,inf
302-04-08,inf
302-04-09,inf
302-05-01,inf
302-05-02,inf
302-05-03,inf
302-05-04,inf
302-05-05,inf
302-05-06,inf
302-05-07,inf
302-05-08,inf
302-06-01,inf
302-06-02,inf
302-06-03,inf
302-06-04,inf
302-06-05,inf
302-06-06,inf
302-06-07,inf
302-06-08,inf
302-06-09,inf
302-07-01,inf
302-07-02,inf
302-07-03,inf
302-07-04,inf
302-07-05,inf
302-07-06,inf
302-08-01,inf
302-08-02,inf
302-08-03,inf
302-08-04,inf
302-08-05,inf
302-08-06,inf
302-08-07,inf
302-09-01,inf
302-09-02,inf
302-09-03,inf
302-09-04,inf
302-09-05,inf
302-09-06,inf
302-09-07,inf
302-09-08,inf
302-09-09,inf
302-10-01,inf
302-10-02,inf
302-10-03,inf
302-10-04,inf
302-10-05,inf
302-10-06,inf
302-10-07,inf
302-10-08,inf
302-11-01,inf
302-11-02,inf
302-11-03,inf
302-11-04,inf
302-11-05,inf
302-11-06,inf
302-11-07,inf
302-11-08,inf
302-11-09,inf
302-11-10,inf
302-12-01,inf
302-12-02,inf
302-12-03,inf
302-12-04,inf
302-12-05,inf
302-12-06,inf
302-12-07,inf
302-12-08,inf
302-12-09,inf
302-13-01,inf
302-13-02,inf
302-13-03,inf
302-13-04,inf
302-13-05,inf
302-13-06,inf
302-13-07,inf
302-13-08,inf
302-13-09,inf
302-14-01,inf
302-14-02,inf
302-14-03,inf
302-14-04,inf
302-14-05,inf
302-14-06,inf
302-14-07,inf
302-14-08,inf
302-14-09,inf
302-15-01,inf
302-15-02,inf
302-15-03,inf
302-15-04,inf
302-15-05,inf
302-15-06,inf
302-15-07,inf
302-16-01,inf
302-16-02,inf
302-16-03,inf
302-16-04,inf
302-16-05,inf
302-16-06,inf
302-17-01,inf
302-17-02,inf
302-17-03,inf
302-17-04,inf
302-17-05,inf
302-17-06,inf
302-17-07,inf
302-17-08,inf
302-17-09,inf
302-18-01,inf
302-18-02,inf
302-18-03,inf
302-18-04,inf
302-18-05,inf
302-18-06,inf
302-18-07,inf
302-18-08,inf
302-18-09,inf
302-19-01,inf
302-19-02,inf
302-19-03,inf
302-19-04,inf
302-19-05,inf
302-19-06,inf
302-20-01,inf
302-20-02,inf
302-20-03,inf
302-20-04,inf
302-20-05,inf
302-20-06,inf
302-20-07,inf
302-21-01,inf
302-21-02,inf
302-21-03,inf
302-21-04,inf
302-21-05,inf
302-21-06,inf
302-21-07,inf
302-21-08,inf
302-22-01,inf
302-22-02,inf
302-22-03,inf
302-22-04,inf
302-22-05,inf
302-22-06,inf
302-22-07,inf
302-22-08,inf
302-22-09,inf
302-23-01,inf
302-23-02,inf
302-23-03,inf
302-23-04,inf
302-23-05,inf
302-23-06,inf
302-23-07,inf
302-23-08,inf
302-24-01,inf
302-24-02,inf
302-24-03,inf
302-24-04,inf
302-24-05,inf
302-24-06,inf
302-24-07,inf
302-24-08,inf
302-25-01,inf
302-25-02,inf
302-25-03,inf
302-25-04,inf
302-25-05,inf
302-25-06,inf
302-25-07,inf
302-25-08,inf
302-26-01,inf
302-26-02,inf
302-26-03,inf
302-26-04,inf
302-26-05,inf
302-26-06,inf
302-26-07,inf
302-27-01,inf
302-27-02,inf
302-27-03,inf
302-27-04,inf
302-27-05,inf
302-27-06,inf
302-28-01,inf
302-28-02,inf
302-28-03,inf
302-28-04,inf
302-28-05,inf
302-28-06,inf
302-28-07,inf
302-28-08,inf
302-28-09,inf
302-29-01,inf
302-29-02,inf
302-29-03,inf
302-29-04,inf
302-29-05,inf
302-29-06,inf
302-29-07,inf
302-29-08,inf
302-30-01,inf
302-30-02,inf
302-30-03,inf
302-30-04,inf
302-30-05,inf
302-30-06,inf
302-30-07,inf
302-30-08,inf
302-31-01,inf
302-31-02,inf
302-31-03,inf
302-31-04,inf
302-31-05,inf
302-31-06,inf
302-32-01,inf
302-32-02,inf
302-32-03,inf
302-32-04,inf
302-32-05,inf
302-32-06,inf
302-32-07,inf
302-33-01,inf
302-33-02,inf
302-33-03,inf
302-33-04,inf
302-33-05,inf
302-33-06,inf
302-33-07,inf
302-34-01,inf
302-34-02,inf
302-34-03,inf
302-34-04,inf
302-34-05,inf
302-34-06,inf
302-34-07,inf
302-35-01,inf
302-35-02,inf
302-35-03,inf
302-35-04,inf
302-35-05,inf
302-35-06,inf
302-35-07,inf
303-02-01,inf
303-02-02,inf
303-02-03,inf
303-02-04,inf
303-02-05,inf
303-02-06,inf
303-04-01,inf
303-04-02,inf
303-04-03,inf
303-04-04,inf
303-04-05,inf
303-04-06,inf
303-04-07,inf
303-04-08,inf
303-04-09,inf
303-05-01,inf
303-05-02,inf
303-05-03,inf
303-05-04,inf
303-05-05,inf
303-05-06,inf
303-05-07,inf
303-05-08,inf
303-06-01,inf
303-06-02,inf
303-06-03,inf
303-06-04,inf
303-06-05,inf
303-06-06,inf
303-06-07,inf
303-06-08,inf
303-07-01,inf
303-07-02,inf
303-07-03,inf
303-07-04,inf
303-07-05,inf
303-07-06,inf
303-07-07,inf
303-07-08,inf
303-08-01,inf
303-08-02,inf
303-08-03,inf
303-08-04,inf
303-08-05,inf
303-08-06,inf
303-08-07,inf
303-08-08,inf
303-08-09,inf
303-08-10,inf
303-08-11,inf
303-09-01,inf
303-09-02,inf
303-09-03,inf
303-09-04,inf
303-09-05,inf
303-09-06,inf
303-09-07,inf
303-09-08,inf
303-09-09,inf
303-09-10,inf
303-09-11,inf
303-10-01,inf
303-10-02,inf
303-10-03,inf
303-10-04,inf
303-10-05,inf
303-10-06,inf
303-10-07,inf
303-10-08,inf
303-10-09,inf
303-10-10,inf
303-11-01,inf
303-11-02,inf
303-11-03,inf
303-11-04,inf
303-11-05,inf
303-11-06,inf
303-11-07,inf
303-11-08,inf
303-11-09,inf
303-11-10,inf
303-12-01,inf
303-12-02,inf
303-12-03,inf
303-12-04,inf
303-12-05,inf
303-12-06,inf
303-12-07,inf
303-12-08,inf
303-12-09,inf
303-12-10,inf
303-13-01,inf
303-13-02,inf
303-13-03,inf
303-13-04,inf
303-13-05,inf
303-13-06,inf
303-13-07,inf
303-14-01,inf
303-14-02,inf
303-14-03,inf
303-14-04,inf
303-14-05,inf
303-14-06,inf
303-14-07,inf
303-15-01,inf
303-15-02,inf
303-15-03,inf
303-15-04,inf
303-15-05,inf
303-15-06,inf
303-15-07,inf
303-15-08,inf
303-15-09,inf
303-15-10,inf
303-16-01,inf
303-16-02,inf
303-16-03,inf
303-16-04,inf
303-16-05,inf
303-16-06,inf
303-16-07,inf
303-16-08,inf
303-16-09,inf
303-16-10,inf
303-17-01,inf
303-17-02,inf
303-17-03,inf
303-17-04,inf
303-17-05,inf
303-17-06,inf
303-17-07,inf
303-17-08,inf
303-17-09,inf
303-18-01,inf
303-18-02,inf
303-18-03,inf
303-18-04,inf
303-18-05,inf
303-18-06,inf
303-18-07,inf
303-18-08,inf
303-18-09,inf
303-18-10,inf
303-19-01,inf
303-19-02,inf
303-19-03,inf
303-19-04,inf
303-19-05,inf
303-19-06,inf
303-19-07,inf
303-19-08,inf
303-19-09,inf
303-20-01,inf
303-20-02,inf
303-20-03,inf
303-20-04,inf
303-20-05,inf
303-20-06,inf
303-20-07,inf
303-20-08,inf
303-20-09,inf
303-20-10,inf
303-21-01,inf
303-21-02,inf
303-21-03,inf
303-21-04,inf
303-21-05,inf
303-21-06,inf
303-21-07,inf
303-21-08,inf
303-21-09,inf
303-21-10,inf
303-22-01,inf
303-22-02,inf
303-22-03,inf
303-22-04,inf
303-22-05,inf
303-22-06,inf
303-22-07,inf
303-22-08,inf
303-22-09,inf
303-22-10,inf
303-23-01,inf
303-23-02,inf
303-23-03,inf
303-23-04,inf
303-23-05,inf
303-23-06,inf
303-23-07,inf
303-23-08,inf
303-23-09,inf
303-24-01,inf
303-24-02,inf
303-24-03,inf
303-24-04,inf
303-24-05,inf
303-24-06,inf
303-24-07,inf
303-24-08,inf
303-24-09,inf
303-25-01,inf
303-25-02,inf
303-25-03,inf
303-25-04,inf
303-25-05,inf
303-25-06,inf
303-25-07,inf
303-25-08,inf
303-26-01,inf
303-26-02,inf
303-26-03,inf
303-26-04,inf
303-26-05,inf
303-26-06,inf
303-26-07,inf
303-26-08,inf
303-27-01,inf
303-27-02,inf
303-27-03,inf
303-27-04,inf
303-27-05,inf
303-27-06,inf
303-27-07,inf
303-27-08,inf
303-28-01,inf
303-28-02,inf
303-28-03,inf
303-28-04,inf
303-28-05,inf
303-28-06,inf
303-28-07,inf
303-28-08,inf
303-28-09,inf
303-29-01,inf
303-29-02,inf
303-29-03,inf
303-29-04,inf
303-29-05,inf
303-29-06,inf
303-29-07,inf
303-29-08,inf
303-29-09,inf
303-30-01,inf
303-30-02,inf
303-30-03,inf
303-30-04,inf
303-30-05,inf
303-30-06,inf
303-30-07,inf
303-30-08,inf
303-31-01,inf
303-31-02,inf
303-31-03,inf
303-31-04,inf
303-31-05,inf
303-31-06,inf
303-31-07,inf
303-31-08,inf
303-31-09,inf
303-31-10,inf
303-32-01,inf
303-32-02,inf
303-32-03,inf
303-32-04,inf
303-32-05,inf
303-32-06,inf
303-32-07,inf
303-32-08,inf
303-32-09,inf
303-32-10,inf
303-32-11,inf
303-33-01,inf
303-33-02,inf
303-33-03,inf
303-33-04,inf
303-33-05,inf
303-33-06,inf
303-33-07,inf
303-33-08,inf
303-33-09,inf
303-34-01,inf
303-34-02,inf
303-34-03,inf
303-34-04,inf
303-34-05,inf
303-34-06,inf
303-34-07,inf
303-34-08,inf
303-35-01,inf
303-35-02,inf
303-35-03,inf
303-35-04,inf
303-35-05,inf
303-35-06,inf
303-35-07,inf
303-35-08,inf
303-36-01,inf
303-36-02,inf
303-36-03,inf
303-36-04,inf
303-36-05,inf
303-36-06,inf
303-36-07,inf
303-36-08,inf
303-36-09,inf
304-01-01,inf
304-01-02,inf
304-01-03,inf
304-01-04,inf
304-01-05,inf
304-01-06,inf
304-01-07,inf
304-03-01,inf
304-03-02,inf
304-03-03,inf
304-03-04,inf
304-03-05,inf
304-03-06,inf
304-03-07,inf
304-03-08,inf
304-04-01,inf
304-04-02,inf
304-04-03,inf
304-04-04,inf
304-04-05,inf
304-04-06,inf
304-04-07,inf
304-04-08,inf
304-05-01,inf
304-05-02,inf
304-05-03,inf
304-05-04,inf
304-05-05,inf
304-05-06,inf
304-05-07,inf
304-05-08,inf
304-05-09,inf
304-06-01,inf
304-06-02,inf
304-06-03,inf
304-06-04,inf
304-06-05,inf
304-06-06,inf
304-06-07,inf
304-06-08,inf
304-06-09,inf
304-07-01,inf
304-07-02,inf
304-07-03,inf
304-07-04,inf
304-07-05,inf
304-08-01,inf
304-09-01,inf
304-09-02,inf
304-10-01,inf
304-10-02,inf
304-11-01,inf
304-11-02,inf
304-11-03,inf
304-11-04,inf
304-11-05,inf
304-11-06,inf
304-12-01,inf
304-12-02,inf
304-12-03,inf
304-12-04,inf
304-12-05,inf
304-13-01,inf
304-13-02,inf
304-13-03,inf
304-13-04,inf
304-13-05,inf
304-13-06,inf
304-13-07,inf
304-13-08,inf
304-13-09,inf
304-14-01,inf
304-14-02,inf
304-14-03,inf
304-14-04,inf
304-14-05,inf
304-14-06,inf
304-14-07,inf
304-15-01,inf
304-15-02,inf
304-15-03,inf
304-15-04,inf
304-15-05,inf
304-15-06,inf
304-15-07,inf
304-15-08,inf
304-15-09,inf
304-16-01,inf
304-16-02,inf
304-16-03,inf
304-16-04,inf
304-16-05,inf
304-16-06,inf
304-16-07,inf
304-17-01,inf
304-17-02,inf
304-17-03,inf
304-17-04,inf
304-17-05,inf
304-17-06,inf
304-18-01,inf
304-18-02,inf
304-18-03,inf
304-18-04,inf
304-18-05,inf
304-18-06,inf
304-18-07,inf
304-18-08,inf
304-19-01,inf
304-19-02,inf
304-19-03,inf
304-19-04,inf
304-19-05,inf
304-19-06,inf
304-19-07,inf
304-20-01,inf
304-20-02,inf
304-20-03,inf
304-20-04,inf
304-20-05,inf
304-20-06,inf
304-20-07,inf
304-21-01,inf
304-21-02,inf
304-21-03,inf
304-21-04,inf
304-21-05,inf
304-21-06,inf
304-21-07,inf
304-22-01,inf
304-22-02,inf
304-22-03,inf
304-22-04,inf
304-22-05,inf
304-22-06,inf
304-23-01,inf
304-23-02,inf
304-23-03,inf
304-23-04,inf
304-23-05,inf
304-23-06,inf
304-24-01,inf
304-24-02,inf
304-24-03,inf
304-24-04,inf
304-24-05,inf
304-24-06,inf
304-24-07,inf
304-24-08,inf
304-24-09,inf
304-24-10,inf
304-25-01,inf
304-25-02,inf
304-25-03,inf
304-25-04,inf
304-25-05,inf
304-25-06,inf
304-25-07,inf
304-25-08,inf
304-25-09,inf
304-26-01,inf
304-26-02,inf
304-26-03,inf
304-26-04,inf
304-26-05,inf
304-26-06,inf
304-26-07,inf
304-26-08,inf
304-26-09,inf
304-27-01,inf
304-27-02,inf
304-27-03,inf
304-27-04,inf
304-27-05,inf
304-27-06,inf
304-27-07,inf
304-27-08,inf
304-27-09,inf
304-28-01,inf
304-28-02,inf
304-28-03,inf
304-28-04,inf
304-28-05,inf
304-28-06,inf
304-28-07,inf
304-28-08,inf
304-29-01,inf
304-29-02,inf
304-29-03,inf
304-29-04,inf
304-29-05,inf
304-29-06,inf
304-29-07,inf
304-29-08,inf
304-29-09,inf
304-30-01,inf
304-30-02,inf
304-30-03,inf
304-30-04,inf
304-30-05,inf
304-30-06,inf
304-30-07,inf
304-31-01,inf
304-31-02,inf
304-31-03,inf
304-31-04,inf
304-31-05,inf
304-31-06,inf
304-32-01,inf
304-32-02,inf
304-32-03,inf
304-32-04,inf
304-32-05,inf
304-32-06,inf
304-32-07,inf
304-33-01,inf
304-33-02,inf
304-33-03,inf
304-33-04,inf
304-33-05,inf
304-33-06,inf
304-33-07,inf
304-34-01,inf
304-34-02,inf
304-34-03,inf
304-34-04,inf
304-34-05,inf
304-34-06,inf
304-34-07,inf
304-34-08,inf
304-34-09,inf
304-35-01,inf
304-35-02,inf
304-35-03,inf
304-35-04,inf
304-35-05,inf
304-35-06,inf
304-35-07,inf
304-35-08,inf
304-35-09,inf
304-35-10,inf
304-35-11,inf
